Group.1,Alcohol,Malic,Ash,Alcalinity,Magnesium,Phenols,Flavanoids,Nonflavanoids,Proanthocyanins,Color,Hue,Dilution,Proline
1,13.134117647058824,3.307254901960784,2.4176470588235293,21.241176470588236,98.66666666666667,1.683921568627451,0.8188235294117647,0.4519607843137255,1.1458823529411766,7.234705862745098,0.6919607843137254,1.6966666666666668,619.0588235294117
2,13.676774193548388,1.9979032258064515,2.466290322580645,17.462903225806453,107.96774193548387,2.8475806451612904,3.003225806451613,0.2920967741935484,1.9220967741935484,5.453548387096774,1.0654838709677419,3.1633870967741937,1100.225806451613
3,12.250923076923076,1.8973846153846154,2.2312307692307694,20.063076923076924,92.73846153846154,2.247692307692308,2.05,0.3576923076923077,1.624153846153846,2.973076923076923,1.0627076923076924,2.8033846153846156,510.16923076923075
